True Positives,False Positives,False Negatives,Precision,Recall,Accuracy,F1 Score
5,13,18,0.2777777777777778,0.21739130434782608,0.1388888888888889,0.24390243902439024
