True Positives,False Positives,False Negatives,Precision,Recall,Accuracy,F1 Score
14,9,11,0.6086956521739131,0.56,0.4117647058823529,0.5833333333333334
