True Positives,False Positives,False Negatives,Precision,Recall,Accuracy,F1 Score
17,3,9,0.85,0.6538461538461539,0.5862068965517241,0.7391304347826088
