True Positives,False Positives,False Negatives,Precision,Recall,Accuracy,F1 Score
11,12,13,0.4782608695652174,0.4583333333333333,0.3055555555555556,0.4680851063829787
