True Positives,False Positives,False Negatives,Precision,Recall,Accuracy,F1 Score
7,4,4,0.6363636363636364,0.6363636363636364,0.4666666666666667,0.6363636363636364
