True Positives,False Positives,False Negatives,Precision,Recall,Accuracy,F1 Score
11,7,12,0.6111111111111112,0.4782608695652174,0.36666666666666664,0.5365853658536586
