True Positives,False Positives,False Negatives,Precision,Recall,Accuracy,F1 Score
14,2,10,0.875,0.5833333333333334,0.5384615384615384,0.7000000000000001
