True Positives,False Positives,False Negatives,Precision,Recall,Accuracy,F1 Score
13,1,6,0.9285714285714286,0.6842105263157895,0.65,0.7878787878787878
