True Positives,False Positives,False Negatives,Precision,Recall,Accuracy,F1 Score
13,4,2,0.7647058823529411,0.8666666666666667,0.6842105263157895,0.8125
