True Positives,False Positives,False Negatives,Precision,Recall,Accuracy,F1 Score
9,10,14,0.47368421052631576,0.391304347826087,0.2727272727272727,0.42857142857142855
