True Positives,False Positives,False Negatives,Precision,Recall,Accuracy,F1 Score
10,4,11,0.7142857142857143,0.47619047619047616,0.4,0.5714285714285714
