True Positives,False Positives,False Negatives,Precision,Recall,Accuracy,F1 Score
6,13,16,0.3157894736842105,0.2727272727272727,0.17142857142857143,0.2926829268292683
