True Positives,False Positives,False Negatives,Precision,Recall,Accuracy,F1 Score
11,4,15,0.7333333333333333,0.4230769230769231,0.36666666666666664,0.5365853658536585
