True Positives,False Positives,False Negatives,Precision,Recall,Accuracy,F1 Score
14,4,13,0.7777777777777778,0.5185185185185185,0.45161290322580644,0.6222222222222222
