True Positives,False Positives,False Negatives,Precision,Recall,Accuracy,F1 Score
16,12,17,0.5714285714285714,0.48484848484848486,0.35555555555555557,0.5245901639344263
