True Positives,False Positives,False Negatives,Precision,Recall,Accuracy,F1 Score
7,8,10,0.4666666666666667,0.4117647058823529,0.28,0.43749999999999994
