True Positives,False Positives,False Negatives,Precision,Recall,Accuracy,F1 Score
10,6,17,0.625,0.37037037037037035,0.30303030303030304,0.4651162790697674
