True Positives,False Positives,False Negatives,Precision,Recall,Accuracy,F1 Score
19,7,10,0.7307692307692307,0.6551724137931034,0.5277777777777778,0.6909090909090909
