True Positives,False Positives,False Negatives,Precision,Recall,Accuracy,F1 Score
7,3,17,0.7,0.2916666666666667,0.25925925925925924,0.4117647058823529
