True Positives,False Positives,False Negatives,Precision,Recall,Accuracy,F1 Score
13,6,9,0.6842105263157895,0.5909090909090909,0.4642857142857143,0.6341463414634148
