True Positives,False Positives,False Negatives,Precision,Recall,Accuracy,F1 Score
10,8,3,0.5555555555555556,0.7692307692307693,0.47619047619047616,0.6451612903225806
