True Positives,False Positives,False Negatives,Precision,Recall,Accuracy,F1 Score
15,8,11,0.6521739130434783,0.5769230769230769,0.4411764705882353,0.6122448979591837
