True Positives,False Positives,False Negatives,Precision,Recall,Accuracy,F1 Score
4,9,13,0.3076923076923077,0.23529411764705882,0.15384615384615385,0.26666666666666666
