True Positives,False Positives,False Negatives,Precision,Recall,Accuracy,F1 Score
11,7,8,0.6111111111111112,0.5789473684210527,0.4230769230769231,0.5945945945945946
