True Positives,False Positives,False Negatives,Precision,Recall,Accuracy,F1 Score
5,10,17,0.3333333333333333,0.22727272727272727,0.15625,0.27027027027027023
