True Positives,False Positives,False Negatives,Precision,Recall,Accuracy,F1 Score
6,3,24,0.6666666666666666,0.2,0.18181818181818182,0.30769230769230765
