True Positives,False Positives,False Negatives,Precision,Recall,Accuracy,F1 Score
8,7,13,0.5333333333333333,0.38095238095238093,0.2857142857142857,0.4444444444444444
