True Positives,False Positives,False Negatives,Precision,Recall,Accuracy,F1 Score
12,7,10,0.631578947368421,0.5454545454545454,0.41379310344827586,0.5853658536585366
