True Positives,False Positives,False Negatives,Precision,Recall,Accuracy,F1 Score
12,7,12,0.631578947368421,0.5,0.3870967741935484,0.5581395348837209
