True Positives,False Positives,False Negatives,Precision,Recall,Accuracy,F1 Score
10,9,14,0.5263157894736842,0.4166666666666667,0.30303030303030304,0.46511627906976744
