True Positives,False Positives,False Negatives,Precision,Recall,Accuracy,F1 Score
14,9,6,0.6086956521739131,0.7,0.4827586206896552,0.6511627906976744
