True Positives,False Positives,False Negatives,Precision,Recall,Accuracy,F1 Score
11,8,16,0.5789473684210527,0.4074074074074074,0.3142857142857143,0.47826086956521735
