True Positives,False Positives,False Negatives,Precision,Recall,Accuracy,F1 Score
12,7,15,0.631578947368421,0.4444444444444444,0.35294117647058826,0.5217391304347826
