True Positives,False Positives,False Negatives,Precision,Recall,Accuracy,F1 Score
11,6,12,0.6470588235294118,0.4782608695652174,0.3793103448275862,0.55
