True Positives,False Positives,False Negatives,Precision,Recall,Accuracy,F1 Score
29,17,1,0.6304347826086957,0.9666666666666667,0.6170212765957447,0.763157894736842
