True Positives,False Positives,False Negatives,Precision,Recall,Accuracy,F1 Score
14,5,14,0.7368421052631579,0.5,0.42424242424242425,0.5957446808510638
