True Positives,False Positives,False Negatives,Precision,Recall,Accuracy,F1 Score
5,2,10,0.7142857142857143,0.3333333333333333,0.29411764705882354,0.4545454545454545
