True Positives,False Positives,False Negatives,Precision,Recall,Accuracy,F1 Score
10,4,14,0.7142857142857143,0.4166666666666667,0.35714285714285715,0.5263157894736842
