True Positives,False Positives,False Negatives,Precision,Recall,Accuracy,F1 Score
12,11,12,0.5217391304347826,0.5,0.34285714285714286,0.5106382978723404
