True Positives,False Positives,False Negatives,Precision,Recall,Accuracy,F1 Score
11,4,12,0.7333333333333333,0.4782608695652174,0.4074074074074074,0.5789473684210527
