True Positives,False Positives,False Negatives,Precision,Recall,Accuracy,F1 Score
11,5,18,0.6875,0.3793103448275862,0.3235294117647059,0.4888888888888889
