True Positives,False Positives,False Negatives,Precision,Recall,Accuracy,F1 Score
6,1,14,0.8571428571428571,0.3,0.2857142857142857,0.4444444444444444
