True Positives,False Positives,False Negatives,Precision,Recall,Accuracy,F1 Score
14,5,13,0.7368421052631579,0.5185185185185185,0.4375,0.6086956521739131
