True Positives,False Positives,False Negatives,Precision,Recall,Accuracy,F1 Score
10,8,16,0.5555555555555556,0.38461538461538464,0.29411764705882354,0.4545454545454546
