True Positives,False Positives,False Negatives,Precision,Recall,Accuracy,F1 Score
16,7,8,0.6956521739130435,0.6666666666666666,0.5161290322580645,0.6808510638297872
