True Positives,False Positives,False Negatives,Precision,Recall,Accuracy,F1 Score
14,5,9,0.7368421052631579,0.6086956521739131,0.5,0.6666666666666666
