True Positives,False Positives,False Negatives,Precision,Recall,Accuracy,F1 Score
16,9,10,0.64,0.6153846153846154,0.45714285714285713,0.6274509803921569
