True Positives,False Positives,False Negatives,Precision,Recall,Accuracy,F1 Score
19,7,3,0.7307692307692307,0.8636363636363636,0.6551724137931034,0.7916666666666666
