True Positives,False Positives,False Negatives,Precision,Recall,Accuracy,F1 Score
14,7,16,0.6666666666666666,0.4666666666666667,0.3783783783783784,0.5490196078431373
