True Positives,False Positives,False Negatives,Precision,Recall,Accuracy,F1 Score
9,3,2,0.75,0.8181818181818182,0.6428571428571429,0.7826086956521738
