True Positives,False Positives,False Negatives,Precision,Recall,Accuracy,F1 Score
7,5,14,0.5833333333333334,0.3333333333333333,0.2692307692307692,0.4242424242424242
