True Positives,False Positives,False Negatives,Precision,Recall,Accuracy,F1 Score
12,9,9,0.5714285714285714,0.5714285714285714,0.4,0.5714285714285714
