True Positives,False Positives,False Negatives,Precision,Recall,Accuracy,F1 Score
13,10,14,0.5652173913043478,0.48148148148148145,0.35135135135135137,0.52
