True Positives,False Positives,False Negatives,Precision,Recall,Accuracy,F1 Score
11,1,9,0.9166666666666666,0.55,0.5238095238095238,0.6874999999999999
