True Positives,False Positives,False Negatives,Precision,Recall,Accuracy,F1 Score
16,7,3,0.6956521739130435,0.8421052631578947,0.6153846153846154,0.761904761904762
