True Positives,False Positives,False Negatives,Precision,Recall,Accuracy,F1 Score
6,9,16,0.4,0.2727272727272727,0.1935483870967742,0.3243243243243243
