True Positives,False Positives,False Negatives,Precision,Recall,Accuracy,F1 Score
14,4,11,0.7777777777777778,0.56,0.4827586206896552,0.6511627906976745
