True Positives,False Positives,False Negatives,Precision,Recall,Accuracy,F1 Score
5,4,20,0.5555555555555556,0.2,0.1724137931034483,0.29411764705882354
