True Positives,False Positives,False Negatives,Precision,Recall,Accuracy,F1 Score
4,19,19,0.17391304347826086,0.17391304347826086,0.09523809523809523,0.17391304347826086
