True Positives,False Positives,False Negatives,Precision,Recall,Accuracy,F1 Score
11,19,6,0.36666666666666664,0.6470588235294118,0.3055555555555556,0.46808510638297873
