True Positives,False Positives,False Negatives,Precision,Recall,Accuracy,F1 Score
10,5,18,0.6666666666666666,0.35714285714285715,0.30303030303030304,0.46511627906976744
