True Positives,False Positives,False Negatives,Precision,Recall,Accuracy,F1 Score
11,4,19,0.7333333333333333,0.36666666666666664,0.3235294117647059,0.4888888888888889
