True Positives,False Positives,False Negatives,Precision,Recall,Accuracy,F1 Score
17,1,12,0.9444444444444444,0.5862068965517241,0.5666666666666667,0.7234042553191489
