True Positives,False Positives,False Negatives,Precision,Recall,Accuracy,F1 Score
7,8,18,0.4666666666666667,0.28,0.21212121212121213,0.35000000000000003
