True Positives,False Positives,False Negatives,Precision,Recall,Accuracy,F1 Score
13,4,11,0.7647058823529411,0.5416666666666666,0.4642857142857143,0.6341463414634146
