True Positives,False Positives,False Negatives,Precision,Recall,Accuracy,F1 Score
15,2,9,0.8823529411764706,0.625,0.5769230769230769,0.7317073170731708
