True Positives,False Positives,False Negatives,Precision,Recall,Accuracy,F1 Score
16,5,10,0.7619047619047619,0.6153846153846154,0.5161290322580645,0.6808510638297872
