True Positives,False Positives,False Negatives,Precision,Recall,Accuracy,F1 Score
13,1,11,0.9285714285714286,0.5416666666666666,0.52,0.6842105263157894
