True Positives,False Positives,False Negatives,Precision,Recall,Accuracy,F1 Score
14,9,1,0.6086956521739131,0.9333333333333333,0.5833333333333334,0.7368421052631579
