True Positives,False Positives,False Negatives,Precision,Recall,Accuracy,F1 Score
7,15,20,0.3181818181818182,0.25925925925925924,0.16666666666666666,0.2857142857142857
