TIME,VALUE,DURATION,LABEL
0.0,1,52.38421768707483,Segment 1
52.38421768707483,2,61.06848072562358,Segment 2
113.45269841269841,3,5.955918367346939,Segment 3
119.40861678004535,4,35.18984126984127,Segment 4
154.59845804988663,5,48.134965986394555,Segment 5
202.73342403628118,6,14.187392290249432,Segment 6
