TIME,VALUE,DURATION,LABEL
0.0,1,45.48789115646259,Segment 1
45.48789115646259,2,32.38018140589569,Segment 2
77.86807256235828,3,29.698367346938774,Segment 3
107.56643990929705,4,33.343809523809526,Segment 4
140.91024943310657,5,22.83687074829932,Segment 5
163.7471201814059,6,80.07401360544218,Segment 6
