TIME,VALUE,DURATION,LABEL
0.0,1,55.576961451247165,Segment 1
55.576961451247165,2,24.2184126984127,Segment 2
79.79537414965986,3,27.01641723356009,Segment 3
106.81179138321995,4,84.75283446712018,Segment 4
191.56462585034015,5,6.5712471655328795,Segment 5
198.13587301587302,6,19.14485260770975,Segment 6
