TIME,VALUE,DURATION,LABEL
0.0,1,8.13859410430839,Segment 1
8.13859410430839,2,26.09922902494331,Segment 2
34.2378231292517,3,75.53451247165533,Segment 3
109.77233560090703,4,21.292698412698414,Segment 4
131.06503401360544,5,66.26975056689342,Segment 5
197.33478458049888,6,35.20145124716553,Segment 6
