TIME,VALUE,DURATION,LABEL
0.0,1,58.15437641723356,Segment 1
58.15437641723356,2,144.33523809523808,Segment 2
202.48961451247166,3,26.923537414965985,Segment 3
229.41315192743764,4,108.08888888888889,Segment 4
337.50204081632654,5,9.763990929705216,Segment 5
347.26603174603173,6,1.9504761904761905,Segment 6
