TIME,VALUE,DURATION,LABEL
0.0,1,8.510113378684807,Segment 1
8.510113378684807,2,99.78775510204082,Segment 2
108.29786848072563,3,28.966893424036282,Segment 3
137.2647619047619,4,43.8508843537415,Segment 4
181.1156462585034,5,16.021768707482995,Segment 5
197.13741496598638,6,16.370068027210884,Segment 6
