TIME,VALUE,DURATION,LABEL
0.0,1,19.52798185941043,Segment 1
19.52798185941043,2,88.6421768707483,Segment 2
108.17015873015873,3,40.01959183673469,Segment 3
148.18975056689342,4,32.05514739229025,Segment 4
180.24489795918367,5,42.99174603174603,Segment 5
223.2366439909297,6,15.09297052154195,Segment 6
