TIME,VALUE,DURATION,LABEL
0.0,1,8.649433106575964,Segment 1
8.649433106575964,2,11.517097505668934,Segment 2
20.166530612244898,3,80.05079365079365,Segment 3
100.21732426303855,4,15.406439909297053,Segment 4
115.6237641723356,5,102.00526077097506,Segment 5
217.62902494331067,6,3.6687528344671203,Segment 6
