TIME,VALUE,DURATION,LABEL
0.0,1,1.497687074829932,Segment 1
1.497687074829932,2,63.08861678004535,Segment 2
64.58630385487528,3,26.447528344671202,Segment 3
91.03383219954648,4,7.778684807256236,Segment 4
98.81251700680272,5,69.3231746031746,Segment 5
168.13569160997733,6,3.053424036281179,Segment 6
