TIME,VALUE,DURATION,LABEL
0.0,1,53.15047619047619,Segment 1
53.15047619047619,2,103.70031746031746,Segment 2
156.85079365079366,3,28.189024943310656,Segment 3
185.0398185941043,4,28.781133786848073,Segment 4
213.82095238095238,5,5.8165986394557825,Segment 5
219.63755102040815,6,4.179591836734694,Segment 6
