TIME,VALUE,DURATION,LABEL
0.0,1,47.925986394557825,Segment 1
47.925986394557825,2,80.66607709750566,Segment 2
128.5920634920635,3,39.94997732426304,Segment 3
168.54204081632653,4,75.77832199546485,Segment 4
244.32036281179137,5,25.019501133786846,Segment 5
269.33986394557826,6,4.527891156462585,Segment 6
