TIME,VALUE,DURATION,LABEL
0.0,1,1.4280272108843537,Segment 1
1.4280272108843537,2,20.131700680272107,Segment 2
21.559727891156463,3,26.969977324263038,Segment 3
48.529705215419504,4,111.85052154195012,Segment 4
160.38022675736963,5,26.064399092970522,Segment 5
186.44462585034015,6,3.645532879818594,Segment 6
