TIME,VALUE,DURATION,LABEL
0.0,1,86.86580498866213,Segment 1
86.86580498866213,2,29.454557823129253,Segment 2
116.32036281179138,3,18.018684807256236,Segment 3
134.33904761904762,4,64.34249433106577,Segment 4
198.68154195011337,5,68.70784580498866,Segment 5
267.38938775510206,6,31.172789115646257,Segment 6
