TIME,VALUE,DURATION,LABEL
0.0,1,1.6718367346938776,Segment 1
1.6718367346938776,2,74.96562358276644,Segment 2
76.63746031746032,3,59.86104308390023,Segment 3
136.49850340136055,4,59.43147392290249,Segment 4
195.92997732426304,5,24.787301587301588,Segment 5
220.71727891156462,6,4.493061224489796,Segment 6
