TIME,VALUE,DURATION,LABEL
0.0,1,1.5441269841269842,Segment 1
1.5441269841269842,2,31.474648526077097,Segment 2
33.01877551020408,3,64.93460317460317,Segment 3
97.95337868480726,4,101.36671201814059,Segment 4
199.32009070294785,5,8.870022675736962,Segment 5
208.1901133786848,6,3.610702947845805,Segment 6
