TIME,VALUE,DURATION,LABEL
0.0,1,77.18312925170068,Segment 1
77.18312925170068,2,3.0418140589569163,Segment 2
80.2249433106576,3,102.82956916099774,Segment 3
183.05451247165533,4,30.545850340136056,Segment 4
213.60036281179137,5,62.76353741496599,Segment 5
276.3639002267574,6,2.5193650793650795,Segment 6
