TIME,VALUE,DURATION,LABEL
0.0,1,30.406530612244897,Segment 1
30.406530612244897,2,91.89297052154195,Segment 2
122.29950113378685,3,22.836825396825397,Segment 3
145.13632653061225,4,114.2421768707483,Segment 4
259.37850340136055,5,5.061904761904762,Segment 5
264.4404081632653,6,2.2059410430839,Segment 6
