TIME,VALUE,DURATION,LABEL
0.0,1,3.1695238095238096,Segment 1
3.1695238095238096,2,65.45705215419501,Segment 2
68.62657596371882,3,5.23609977324263,Segment 3
73.86267573696145,4,50.50340136054422,Segment 4
124.36607709750567,5,71.92380952380952,Segment 5
196.2898866213152,6,41.795918367346935,Segment 6
