TIME,VALUE,DURATION,LABEL
0.0,1,1.4512471655328798,Segment 1
1.4512471655328798,2,33.14648526077097,Segment 2
34.59773242630386,3,52.511927437641724,Segment 3
87.10965986394558,4,3.2856235827664397,Segment 4
90.39528344671201,5,2.75156462585034,Segment 5
93.14684807256236,6,1.4164172335600906,Segment 6
