TIME,VALUE,DURATION,LABEL
0.0,1,20.06204081632653,Segment 1
20.06204081632653,2,8.661043083900227,Segment 2
28.723083900226758,3,89.96571428571428,Segment 3
118.68879818594104,4,26.865487528344673,Segment 4
145.55428571428573,5,71.92380952380952,Segment 5
217.47809523809525,6,6.524807256235827,Segment 6
