TIME,VALUE,DURATION,LABEL
0.0,1,49.65587301587301,Segment 1
49.65587301587301,2,97.25678004535148,Segment 2
146.9126530612245,3,29.57061224489796,Segment 3
176.48326530612246,4,68.71945578231292,Segment 4
245.20272108843537,5,83.37124716553288,Segment 5
328.57396825396825,6,42.457687074829934,Segment 6
