TIME,VALUE,DURATION,LABEL
0.0,1,31.63718820861678,Segment 1
31.63718820861678,2,22.09378684807256,Segment 2
53.730975056689346,3,23.103854875283446,Segment 3
76.83482993197279,4,10.553469387755102,Segment 4
87.38829931972789,5,33.45995464852608,Segment 5
120.84825396825397,6,4.20281179138322,Segment 6
