TIME,VALUE,DURATION,LABEL
0.0,1,31.37015873015873,Segment 1
31.37015873015873,2,78.46022675736961,Segment 2
109.83038548752835,3,17.623945578231293,Segment 3
127.45433106575963,4,103.45650793650793,Segment 4
230.91083900226758,5,9.450521541950113,Segment 5
240.3613605442177,6,27.457551020408165,Segment 6
