TIME,VALUE,DURATION,LABEL
0.0,1,21.71065759637188,Segment 1
21.71065759637188,2,91.057052154195,Segment 2
112.7677097505669,3,91.91619047619048,Segment 3
204.68390022675737,4,23.974603174603175,Segment 4
228.65850340136055,5,60.5227664399093,Segment 5
289.18126984126985,6,36.86172335600907,Segment 6
