TIME,VALUE,DURATION,LABEL
0.0,1,41.11092970521542,Segment 1
41.11092970521542,2,20.78185941043084,Segment 2
61.89278911564626,3,115.60054421768707,Segment 3
177.49333333333334,4,35.14340136054422,Segment 4
212.63673469387754,5,33.332244897959185,Segment 5
245.96897959183673,6,4.655600907029479,Segment 6
