TIME,VALUE,DURATION,LABEL
0.0,1,221.82022675736962,Segment 1
221.82022675736962,2,8.70748299319728,Segment 2
230.52770975056688,3,43.67673469387755,Segment 3
274.20444444444445,4,27.30666666666667,Segment 4
301.5111111111111,5,9.543356009070294,Segment 5
311.0544671201814,6,3.2276190476190476,Segment 6
