TIME,VALUE,DURATION,LABEL
0.0,1,11.34294784580499,Segment 1
11.34294784580499,2,45.94068027210884,Segment 2
57.283628117913835,3,27.93360544217687,Segment 3
85.2172335600907,4,163.32916099773243,Segment 4
248.54639455782313,5,31.2540589569161,Segment 5
279.8004535147392,6,23.56825396825397,Segment 6
