TIME,VALUE,DURATION,LABEL
0.0,1,99.38140589569161,Segment 1
99.38140589569161,2,25.56517006802721,Segment 2
124.94657596371881,3,37.9762358276644,Segment 3
162.92281179138322,4,15.824399092970522,Segment 4
178.74721088435373,5,37.593106575963716,Segment 5
216.34031746031746,6,15.023310657596372,Segment 6
