TIME,VALUE,DURATION,LABEL
0.0,1,58.049886621315196,Segment 1
58.049886621315196,2,33.62249433106576,Segment 2
91.67238095238095,3,32.43827664399093,Segment 3
124.11065759637188,4,101.00680272108843,Segment 4
225.1174603174603,5,5.178049886621316,Segment 5
230.29551020408164,6,2.5425850340136056,Segment 6
