TIME,VALUE,DURATION,LABEL
0.0,1,27.28344671201814,Segment 1
27.28344671201814,2,37.39569160997733,Segment 2
64.67913832199547,3,55.26353741496599,Segment 3
119.94267573696145,4,44.72163265306123,Segment 4
164.66430839002268,5,72.81777777777778,Segment 5
237.48208616780045,6,34.144943310657595,Segment 6
