TIME,VALUE,DURATION,LABEL
0.0,1,1.5441269841269842,Segment 1
1.5441269841269842,2,25.820589569160997,Segment 2
27.36471655328798,3,15.348390022675737,Segment 3
42.71310657596372,4,133.20126984126983,Segment 4
175.91437641723357,5,13.30498866213152,Segment 5
189.21936507936508,6,2.7980498866213153,Segment 6
