TIME,VALUE,DURATION,LABEL
0.0,1,25.10077097505669,Segment 1
25.10077097505669,2,75.83637188208617,Segment 2
100.93714285714286,3,23.95138321995465,Segment 3
124.88852607709751,4,128.9984580498866,Segment 4
253.88698412698412,5,15.534149659863946,Segment 5
269.4211337868481,6,2.2639455782312927,Segment 6
