TIME,VALUE,DURATION,LABEL
0.0,1,98.98666666666666,Segment 1
98.98666666666666,2,111.15392290249433,Segment 2
210.140589569161,3,31.962267573696145,Segment 3
242.10285714285715,4,62.09015873015873,Segment 4
304.1930158730159,5,46.14965986394558,Segment 5
350.34267573696144,6,1.9853061224489796,Segment 6
