TIME,VALUE,DURATION,LABEL
0.0,1,39.62485260770975,Segment 1
39.62485260770975,2,52.88344671201814,Segment 2
92.5082993197279,3,75.01206349206349,Segment 3
167.5203628117914,4,14.500861678004535,Segment 4
182.0212244897959,5,45.569160997732425,Segment 5
227.59038548752835,6,17.57750566893424,Segment 6
