TIME,VALUE,DURATION,LABEL
0.0,1,7.314285714285714,Segment 1
7.314285714285714,2,69.26512471655329,Segment 2
76.579410430839,3,73.71174603174603,Segment 3
150.29115646258504,4,50.54984126984127,Segment 4
200.8409977324263,5,22.99936507936508,Segment 5
223.84036281179138,6,2.728344671201814,Segment 6
