True Positives,False Positives,False Negatives,Precision,Recall,Accuracy,F1 Score
15,2,5,0.8823529411764706,0.75,0.6818181818181818,0.8108108108108107
