True Positives,False Positives,False Negatives,Precision,Recall,Accuracy,F1 Score
20,7,7,0.7407407407407407,0.7407407407407407,0.5882352941176471,0.7407407407407407
