True Positives,False Positives,False Negatives,Precision,Recall,Accuracy,F1 Score
12,10,9,0.5454545454545454,0.5714285714285714,0.3870967741935484,0.5581395348837208
