True Positives,False Positives,False Negatives,Precision,Recall,Accuracy,F1 Score
16,1,1,0.9411764705882353,0.9411764705882353,0.8888888888888888,0.9411764705882353
