True Positives,False Positives,False Negatives,Precision,Recall,Accuracy,F1 Score
16,10,6,0.6153846153846154,0.7272727272727273,0.5,0.6666666666666667
