True Positives,False Positives,False Negatives,Precision,Recall,Accuracy,F1 Score
24,3,6,0.8888888888888888,0.8,0.7272727272727273,0.8421052631578948
