True Positives,False Positives,False Negatives,Precision,Recall,Accuracy,F1 Score
14,8,10,0.6363636363636364,0.5833333333333334,0.4375,0.6086956521739131
