TIME,VALUE,DURATION,LABEL
0.000000000,0,0.290249433,N1
0.290249433,1,100.101224490,A
100.391473923,1,50.805260771,A
151.196734694,0,19.620861678,N3