TIME,VALUE,DURATION,LABEL
0.000000000,0,31.637188209,N1
31.637188209,1,19.992380952,A
51.629569161,0,48.576145125,N2
100.205714286,1,24.113922902,A