TIME,VALUE,DURATION,LABEL
0.0,0,11.575147392,N1
11.575147392,1,118.770068027,A
130.34521542,1,118.75845805,A
249.103673469,0,24.311292517,N2
