TIME,VALUE,DURATION,LABEL
0.000000000,0,16.416507937,N1
16.416507937,1,91.683990930,A
108.100498866,1,92.879818594,A