TIME,VALUE,DURATION,LABEL
0.000000000,0,31.625578231,N1
31.625578231,1,20.003990930,A
51.629569161,0,48.564535147,N2
100.194104308,1,24.264852608,A