TIME,VALUE,DURATION,LABEL
0.000000000,0,0.743038549,N1
0.743038549,1,99.869024943,A
100.612063492,1,50.793650794,A
151.405714286,0,19.330612245,N3