TIME,VALUE,DURATION,LABEL
0.000000000,0,11.575147392,N1
11.575147392,1,118.770068027,A
130.345215420,1,118.758458050,A
249.103673469,0,24.125532880,N2