TIME,VALUE,DURATION,LABEL
0.000000000,0,125.794104308,N1
125.794104308,1,15.476099773,A
141.270204082,1,15.487709751,A
156.757913832,0,69.404444444,N2