TIME,VALUE,DURATION,LABEL
0.0,0,44.860952381,N1
44.860952381,1,74.431564626,A
119.292517007,0,22.325986395,N2
141.618503401,1,74.884353741,A
