TIME,VALUE,DURATION,LABEL
0.0,1,37.08226757369614,Segment 1
37.08226757369614,2,91.939410430839,Segment 2
129.02167800453515,3,31.660408163265306,Segment 3
160.68208616780046,4,60.40671201814059,Segment 4
221.08879818594104,5,9.392471655328798,Segment 5
230.48126984126984,6,3.7616326530612243,Segment 6
