TIME,VALUE,DURATION,LABEL
0.0,1,36.24634920634921,Segment 1
36.24634920634921,2,103.99056689342403,Segment 2
140.23691609977325,3,27.38793650793651,Segment 3
167.62485260770976,4,64.83011337868481,Segment 4
232.45496598639457,5,3.215963718820862,Segment 5
235.67092970521543,6,2.3568253968253967,Segment 6
