TIME,VALUE,DURATION,LABEL
0.0,1,7.581315192743764,Segment 1
7.581315192743764,2,10.797278911564625,Segment 2
18.37859410430839,3,68.94004535147393,Segment 3
87.31863945578232,4,33.274195011337866,Segment 4
120.59283446712018,5,67.36108843537414,Segment 5
187.95392290249433,6,2.809614512471655,Segment 6
