TIME,VALUE,DURATION,LABEL
0.0,0,24.009433107,N1
24.009433107,1,21.82675737,A
45.836190476,0,20.212970522,N2
66.049160998,1,21.815147392,A
87.86430839,1,24.566712018,A
