TIME,VALUE,DURATION,LABEL
0.0,0,19.156462585,N1
19.156462585,1,100.159274376,A
119.315736961,1,100.205714286,A
219.521451247,0,51.67600907,N2
