TIME,VALUE,DURATION,LABEL
0.0,0,49.052154195,N1
49.052154195,1,76.289160998,A
125.341315193,0,13.026394558,N2
138.367709751,1,78.135147392,A
